"","trip.no","area.id","date","grid.id","trap.id","observer","fate","tag.left","tag.right","species","sex","weight","length","notch","repro.stat","died","trap.note","valley","grid","month","year","day.ord"
"11",1,"P-",1999-05-11,"M2","A7","","DEAD","","","Rat","",NA,NA,"","","","","egl","egl M2","May",1999,1
"18",1,"P-",1999-05-11,"MR1","F4","","NEW","1044","1099","Rat","F",115,160,"","Adult","","","egl","egl MR1","May",1999,1
"44",1,"P-",1999-05-11,"R1","E1","","NEW","1036","1039","Rat","F",123,150,"","Adult","","Pregnant ?","egl","egl R1","May",1999,1
"153",1,"P-",1999-05-14,"M1","C9","","DEAD","","","Rat","",NA,NA,"","","","","egl","egl M1","May",1999,4
"228",1,"P-",1999-05-15,"M2","F4","","DEAD","","","Rat","",NA,NA,"","","","","egl","egl M2","May",1999,5
"257",1,"P-",1999-05-15,"R2","B1","","NEW","1037","1041","Rat","F",113,155,"","Adult","","","egl","egl R2","May",1999,5
"294",1,"P+",1999-05-07,"M2","I7","","DEAD","","","Rat","M",31,NA,"","Juv","","first rat","hol","hol M2","May",1999,2
"371",1,"P+",1999-05-09,"MR2","F3","","NEW","1109","1139","Rat","M",20,90,"","Juv","","","hol","hol MR2","May",1999,4
"394",2,"P-",1999-08-04,"M1","B3","Yockney","DEAD","","","Rat","",NA,NA,"","","","","egl","egl M1","Aug",1999,1
"470",2,"P-",1999-08-04,"MR2","G5","Drew","NEW","1119","1135","Rat","F",89,145,"Win","Juv","","","egl","egl MR2","Aug",1999,1
"505",2,"P-",1999-08-04,"R2","D1","Young","NEW","1195","1021","Rat","M",129,170,"","Adult","","","egl","egl R2","Aug",1999,1
"524",2,"P-",1999-08-05,"M1","A8","Young","DEAD","","","Rat","",NA,NA,"","","","","egl","egl M1","Aug",1999,2
"533",2,"P-",1999-08-05,"M1","E6","Young","DEAD","","","Rat","",NA,NA,"","","","","egl","egl M1","Aug",1999,2
"552",2,"P-",1999-08-05,"MR1","B4","Ruscoe","NEW","1131","1125","Rat","F",94,150,"Win","Juv","","","egl","egl MR1","Aug",1999,2
"556",2,"P-",1999-08-05,"MR1","E2","Ruscoe","NEW","1077","1014","Rat","M",127,135,"Win","Adult","","","egl","egl MR1","Aug",1999,2
"582",2,"P-",1999-08-05,"R1","A3","Ruscoe","NEW","1058","1059","Rat","F",95,138,"Win","Adult","","","egl","egl R1","Aug",1999,2
"593",2,"P-",1999-08-05,"R1","H5","Ruscoe","NEW","1106","1148","Rat","F",100,NA,"Win","Juv","","","egl","egl R1","Aug",1999,2
"629",2,"P-",1999-08-06,"M2","C3","Yockney","DEAD","","","Rat","",NA,NA,"","","","","egl","egl M2","Aug",1999,3
"683",2,"P-",1999-08-06,"R1","B1","Ruscoe","NEW","1016","1020","Rat","M",106,145,"","Adult","","Right Tag changed from 1011 to 1020 (6/08/1999).","egl","egl R1","Aug",1999,3
"686",2,"P-",1999-08-06,"R1","C2","Drew","NEW","1142","1115","Rat","M",100,157,"","Adult","","","egl","egl R1","Aug",1999,3
"695",2,"P-",1999-08-06,"R2","A1","Young","NEW","1176","1017","Rat","F",109,150,"","Adult","","","egl","egl R2","Aug",1999,3
"744",2,"P-",1999-08-07,"M1","I6","Young","DEAD","","","Rat","",NA,NA,"","","","","egl","egl M1","Aug",1999,4
"810",2,"P-",1999-08-07,"MR2","I2","Ruscoe","NEW","1150","1143","Rat","M",33,110,"","Juv","","","egl","egl MR2","Aug",1999,4
"815",2,"P-",1999-08-07,"R1","C1","Drew","RECAP","1061","1020","Rat","M",99,155,"","Adult","","Right Tag changed from 1011 to 1020 (7/08/1999).","egl","egl R1","Aug",1999,4
"823",2,"P-",1999-08-07,"R1","H8","Drew","NEW","1128","1138","Rat","F",80,135,"","Juv","","","egl","egl R1","Aug",1999,4
"971",2,"P+",1999-08-10,"M2","A5","Ruscoe","DEAD","","","Rat","",NA,NA,"","","","","hol","hol M2","Aug",1999,1
"978",2,"P+",1999-08-10,"M2","E8","Young","DEAD","","","Rat","",NA,NA,"","","","","hol","hol M2","Aug",1999,1
"979",2,"P+",1999-08-10,"M2","F7","Young","DEAD","","","Rat","",NA,NA,"","","","","hol","hol M2","Aug",1999,1
"989",2,"P+",1999-08-10,"MR1","G4","Drew","NEW","1132","1108","Rat","M",35,130,"","Juv","","","hol","hol MR1","Aug",1999,1
"1008",2,"P+",1999-08-10,"R1","H1","Drew","NEW","1122","1145","Rat","F",126,175,"","Adult","","","hol","hol R1","Aug",1999,1
"1019",2,"P+",1999-08-11,"MR1","I6","Drew","NEW","1111","1141","Rat","M",50,130,"","Juv","","","hol","hol MR1","Aug",1999,2
"1092",3,"P-",1999-11-11,"M1","A8","Yockney","DEAD","","","Rat","",NA,NA,"","","","","egl","egl M1","Nov",1999,1
"1115",3,"P-",1999-11-11,"M1","G5","Young","DEAD","","","Rat","",NA,NA,"","","","","egl","egl M1","Nov",1999,1
"1123",3,"P-",1999-11-11,"M1","I7","Young","DEAD","","","Rat","",NA,NA,"","","","","egl","egl M1","Nov",1999,1
"1127",3,"P-",1999-11-11,"M2","A7","Young","DEAD","","","Rat","",NA,NA,"","","","","egl","egl M2","Nov",1999,1
"1190",3,"P-",1999-11-11,"MR2","D1","Drew","OLD","1150","1143","Rat","M",NA,155,"","Juv","","","egl","egl MR2","Nov",1999,1
"1191",3,"P-",1999-11-11,"MR2","D3","Ruscoe","NEW","1091","1085","Rat","M",141,172,"","Adult","","","egl","egl MR2","Nov",1999,1
"1203",3,"P-",1999-11-11,"MR2","F7","Ruscoe","NEW","1066","1012","Rat","M",134,170,"","Adult","","","egl","egl MR2","Nov",1999,1
"1233",3,"P-",1999-11-11,"R1","E2","Coleman","NEW","1192","1197","Rat","M",31.5,100,"","Juv","","","egl","egl R1","Nov",1999,1
"1245",3,"P-",1999-11-11,"R2","A2","Coleman","DEAD","","","Rat","",NA,NA,"","","y","Killed in trap by a stoat","egl","egl R2","Nov",1999,1
"1252",3,"P-",1999-11-11,"R2","C4","Coleman","DEAD","","","Rat","",NA,NA,"","","","Rat escaped when trying to tag.","egl","egl R2","Nov",1999,1
"1304",3,"P-",1999-11-12,"M1","G9","Young","DEAD","","","Rat","",NA,NA,"","","","","egl","egl M1","Nov",1999,2
"1312",3,"P-",1999-11-12,"M1","I3","Young","DEAD","","","Rat","",NA,NA,"","","","","egl","egl M1","Nov",1999,2
"1325",3,"P-",1999-11-12,"M2","C9","Young","DEAD","","","Rat","",NA,NA,"","","","","egl","egl M2","Nov",1999,2
"1364",3,"P-",1999-11-12,"MR1","H9","Drew","OLD","1093","1115","Rat","M",130,180,"","Adult","","1093 is a new tag","egl","egl MR1","Nov",1999,2
"1382",3,"P-",1999-11-12,"MR2","D2","Ruscoe","RECAP","1150","1143","Rat","M",104,160,"","Adult","","","egl","egl MR2","Nov",1999,2
"1399",3,"P-",1999-11-12,"MR2","G5","Drew","NEW","1003","1006","Rat","",122,185,"","","","","egl","egl MR2","Nov",1999,2
"1425",3,"P-",1999-11-12,"R1","D4","Ruscoe","NEW","1062","1090","Rat","M",33,100,"","Juv","","","egl","egl R1","Nov",1999,2
"1442",3,"P-",1999-11-12,"R2","D1","Young","NEW","1166","1169","Rat","M",120,155,"","Adult","","","egl","egl R2","Nov",1999,2
"1463",3,"P-",1999-11-13,"M1","A8","Yockney","DEAD","","","Rat","",NA,NA,"","","","","egl","egl M1","Nov",1999,3
"1474",3,"P-",1999-11-13,"M1","C8","Yockney","DEAD","","","Rat","",NA,NA,"","","","","egl","egl M1","Nov",1999,3
"1481",3,"P-",1999-11-13,"M1","D7","Coleman","DEAD","","","Rat","",NA,NA,"","","","","egl","egl M1","Nov",1999,3
"1486",3,"P-",1999-11-13,"M1","E9","Coleman","DEAD","","","Rat","",NA,NA,"","","","","egl","egl M1","Nov",1999,3
"1496",3,"P-",1999-11-13,"M1","H9","Young","DEAD","","","Rat","",NA,NA,"","","","","egl","egl M1","Nov",1999,3
"1505",3,"P-",1999-11-13,"M2","A7","Young","DEAD","","","Rat","",NA,NA,"","","","","egl","egl M2","Nov",1999,3
"1540",3,"P-",1999-11-13,"M2","I9","Yockney","DEAD","","","Rat","",NA,NA,"","","","","egl","egl M2","Nov",1999,3
"1561",3,"P-",1999-11-13,"MR1","G1","Drew","NEW","1193","1007","Rat","F",56,120,"","Juv","","","egl","egl MR1","Nov",1999,3
"1565",3,"P-",1999-11-13,"MR1","H7","Drew","NEW","1191","1199","Rat","M",199,195,"","Juv","","","egl","egl MR1","Nov",1999,3
"1570",3,"P-",1999-11-13,"MR2","A1","Coleman","NEW","1053","1068","Rat","F",NA,NA,"","Juv","","""""""Freshly lost tail, behaving sick hb = 143 +""""""","egl","egl MR2","Nov",1999,3
"1601",3,"P-",1999-11-13,"MR2","E9","Ruscoe","NEW","1071","1072","Rat","M",105,140,"","Adult","","","egl","egl MR2","Nov",1999,3
"1609",3,"P-",1999-11-13,"MR2","G6","Drew","RECAP","1003","1006","Rat","",NA,NA,"","","y","doa","egl","egl MR2","Nov",1999,3
"1614",3,"P-",1999-11-13,"MR2","I2","Drew","NEW","1016","1020","Rat","M",97,150,"","Adult","","","egl","egl MR2","Nov",1999,3
"1621",3,"P-",1999-11-13,"R1","A1","Coleman","NEW","1060","1013","Rat","F",101,155,"","Adult","","","egl","egl R1","Nov",1999,3
"1622",3,"P-",1999-11-13,"R1","A2","Coleman","NEW","1074","1076","Rat","M",160,170,"","Adult","","","egl","egl R1","Nov",1999,3
"1635",3,"P-",1999-11-13,"R1","E2","Ruscoe","NEW","1078","1056","Rat","M",NA,103,"","Juv","","Weight 36+","egl","egl R1","Nov",1999,3
"1636",3,"P-",1999-11-13,"R1","E4","Ruscoe","NEW","1082","1009","Rat","F",NA,100,"","Juv","","Weight 36+","egl","egl R1","Nov",1999,3
"1637",3,"P-",1999-11-13,"R1","F8","Ruscoe","NEW","1100","1087","Rat","M",24,86,"","Juv","","No white spot","egl","egl R1","Nov",1999,3
"1649",3,"P-",1999-11-13,"R2","C4","","NEW","1200","1188","Rat","M",130,160,"","Juv","","","egl","egl R2","Nov",1999,3
"1663",3,"P-",1999-11-14,"M1","A8","Drew","DEAD","","","Rat","",NA,NA,"","","","","egl","egl M1","Nov",1999,4
"1671",3,"P-",1999-11-14,"M1","B9","Drew","DEAD","","","Rat","",NA,NA,"","","","","egl","egl M1","Nov",1999,4
"1681",3,"P-",1999-11-14,"M1","D7","","DEAD","","","Rat","",NA,NA,"","","","","egl","egl M1","Nov",1999,4
"1694",3,"P-",1999-11-14,"M2","A2","Young","DEAD","","","Rat","",NA,NA,"","","","","egl","egl M2","Nov",1999,4
"1696",3,"P-",1999-11-14,"M2","B9","Young","DEAD","","","Rat","",NA,NA,"","","","","egl","egl M2","Nov",1999,4
"1700",3,"P-",1999-11-14,"M2","C9","Young","DEAD","","","Rat","",NA,NA,"","","","","egl","egl M2","Nov",1999,4
"1749",3,"P-",1999-11-14,"MR2","B3","Coleman","RECAP","1150","1143","Rat","M",104,NA,"","Juv","","","egl","egl MR2","Nov",1999,4
"1778",3,"P-",1999-11-14,"MR2","H1","Drew","RECAP","1026","1020","Rat","M",NA,NA,"","","","","egl","egl MR2","Nov",1999,4
"1796",3,"P-",1999-11-14,"R1","D4","Ruscoe","NEW","1064","","Rat","M",NA,105,"","Juv","","","egl","egl R1","Nov",1999,4
"1797",3,"P-",1999-11-14,"R1","D6","Ruscoe","NEW","1081","1055","Rat","F",24,97,"","Juv","","","egl","egl R1","Nov",1999,4
"1798",3,"P-",1999-11-14,"R1","D7","Ruscoe","NEW","1084","1057","Rat","M",24,94,"","Juv","","","egl","egl R1","Nov",1999,4
"1799",3,"P-",1999-11-14,"R1","D8","Ruscoe","NEW","1038","1067","Rat","M",24,89,"","Juv","","","egl","egl R1","Nov",1999,4
"1803",3,"P-",1999-11-14,"R1","F8","Coleman","NEW","1080","1097","Rat","M",22.5,92,"","Juv","","No white patch","egl","egl R1","Nov",1999,4
"1841",3,"P-",1999-11-15,"M1","C4","Yockney","DEAD","","","Rat","",NA,NA,"","","","","egl","egl M1","Nov",1999,5
"1868",3,"P-",1999-11-15,"M2","G1","Yockney","DEAD","","","Rat","",NA,NA,"","","","","egl","egl M2","Nov",1999,5
"1925",3,"P-",1999-11-15,"MR2","I1","Drew","RECAP","1016","1020","Rat","M",NA,NA,"","Juv","","","egl","egl MR2","Nov",1999,5
"1929",3,"P-",1999-11-15,"R1","A1","Ruscoe","RECAP","1074","1076","Rat","M",NA,NA,"","Juv","","","egl","egl R1","Nov",1999,5
"1934",3,"P-",1999-11-15,"R2","A1","Yockney","NEW","1162","1183","Rat","M",147,170,"","Adult","","","egl","egl R2","Nov",1999,5
"1955",3,"P+",1999-12-01,"M2","A9","Young","DEAD","","","Rat","",NA,NA,"","","","","hol","hol M2","Nov",1999,1
"1987",3,"P+",1999-12-01,"MR2","G1","Coleman","NEW","1161","1174","Rat","F",28,95,"","Juv","","","hol","hol MR2","Nov",1999,1
"1988",3,"P+",1999-12-01,"MR2","G4","Coleman","NEW","1163","1172","Rat","M",160,180,"","Adult","","","hol","hol MR2","Nov",1999,1
"1990",3,"P+",1999-12-01,"MR2","H2","Coleman","NEW","1165","1170","Rat","M",28,95,"","Juv","","","hol","hol MR2","Nov",1999,1
"1999",3,"P+",1999-12-01,"R2","H2","Coleman","NEW","1190","1178","Rat","M",170,180,"","Adult","","","hol","hol R2","Nov",1999,1
"2030",3,"P+",1999-12-02,"MR2","G2","Coleman","RECAP","1161","1174","Rat","",NA,NA,"","","","","hol","hol MR2","Nov",1999,2
"2031",3,"P+",1999-12-02,"MR2","G4","","NEW","1167","1157","Rat","F",105,150,"","Adult","","","hol","hol MR2","Nov",1999,2
"2032",3,"P+",1999-12-02,"MR2","H1","Coleman","NEW","1164","1151","Rat","M",41,105,"","Juv","","","hol","hol MR2","Nov",1999,2
"2033",3,"P+",1999-12-02,"MR2","H2","Coleman","NEW","1168","1179","Rat","F",27,95,"Spr","Juv","","","hol","hol MR2","Nov",1999,2
"2041",3,"P+",1999-12-02,"R2","B3","Young","NEW","1024","1104","Rat","M",30,100,"","Juv","","","hol","hol R2","Nov",1999,2
"2045",3,"P+",1999-12-02,"R2","G4","Coleman","NEW","1187","1181","Rat","M",22,90,"","Juv","","","hol","hol R2","Nov",1999,2
"2047",3,"P+",1999-12-02,"R2","I5","Coleman","NEW","1158","1153","Rat","F",25,90,"","Juv","","","hol","hol R2","Nov",1999,2
"2076",3,"P+",1999-12-03,"MR2","G3","Coleman","RECAP","1168","1179","Rat","",NA,NA,"","","","","hol","hol MR2","Nov",1999,3
"2084",3,"P+",1999-12-03,"R2","E4","Young","NEW","1140","1101","Rat","M",27,100,"","Juv","","","hol","hol R2","Nov",1999,3
"2086",3,"P+",1999-12-03,"R2","G3","Coleman","NEW","1155","1160","Rat","F",26,95,"","Juv","","","hol","hol R2","Nov",1999,3
"2087",3,"P+",1999-12-03,"R2","G5","Coleman","RECAP","1158","1153","Rat","",NA,NA,"","","","","hol","hol R2","Nov",1999,3
"2089",3,"P+",1999-12-03,"R2","H5","Coleman","NEW","1154","1180","Rat","F",25,85,"","Juv","","","hol","hol R2","Nov",1999,3
"2090",3,"P+",1999-12-03,"R2","H6","Coleman","RECAP","1187","1181","Rat","",NA,NA,"","","","","hol","hol R2","Nov",1999,3
"2094",3,"P+",1999-12-04,"M1","G1","Coleman","DEAD","","","Rat","",NA,NA,"","","","","hol","hol M1","Nov",1999,4
"2098",3,"P+",1999-12-04,"M2","B1","Young","DEAD","","","Rat","",NA,NA,"","","","","hol","hol M2","Nov",1999,4
"2129",3,"P+",1999-12-04,"MR2","I1","Coleman","RECAP","1164","1151","Rat","",NA,NA,"","","","","hol","hol MR2","Nov",1999,4
"2130",3,"P+",1999-12-04,"MR2","I2","Coleman","RECAP","1161","1174","Rat","",NA,NA,"","","","","hol","hol MR2","Nov",1999,4
"2143",3,"P+",1999-12-04,"R2","A5","Young","RECAP","1024","1104","Rat","",NA,NA,"","","","","hol","hol R2","Nov",1999,4
"2149",3,"P+",1999-12-04,"R2","G5","Coleman","RECAP","1140","1101","Rat","",NA,NA,"","","","","hol","hol R2","Nov",1999,4
"2152",3,"P+",1999-12-04,"R2","I5","Coleman","RECAP","1155","1160","Rat","",NA,NA,"","","","","hol","hol R2","Nov",1999,4
"2153",3,"P+",1999-12-04,"R2","I7","Coleman","RECAP","1158","1153","Rat","",NA,NA,"","","","","hol","hol R2","Nov",1999,4
"2201",3,"P+",1999-12-05,"R2","G5","Coleman","RECAP","1140","1101","Rat","",NA,NA,"","","","","hol","hol R2","Nov",1999,5
"2202",3,"P+",1999-12-05,"R2","H5","Coleman","RECAP","1158","1153","Rat","",NA,NA,"","","","","hol","hol R2","Nov",1999,5
"2203",3,"P+",1999-12-05,"R2","H6","Coleman","RECAP","1187","1181","Rat","",NA,NA,"","","","","hol","hol R2","Nov",1999,5
"2212",4,"P-",2000-02-16,"M1","B9","Coleman","DEAD","","","Rat","",NA,NA,"","","","","egl","egl M1","Feb",2000,1
"2256",4,"P-",2000-02-16,"R2","B1","Yockney","NEW","1238","1229","Rat","F",115,170,"","Adult","","","egl","egl R2","Feb",2000,1
"2278",4,"P-",2000-02-17,"M1","E1","Yockney","DEAD","","","Rat","",NA,NA,"","","","","egl","egl M1","Feb",2000,2
"2514",4,"P-",2000-02-19,"MR2","fenn","","OLD","","1143","Rat","",NA,NA,"","","","","egl","egl MR2","Feb",2000,4
"2634",4,"P+",2000-02-21,"M1","A4","Coleman","DEAD","","","Rat","",NA,NA,"","","","","hol","hol M1","Feb",2000,1
"2678",4,"P+",2000-02-21,"R1","D9","Yockney","NEW","1234","1237","Rat","F",50,130,"","Lact","","3 babies born in trap.","hol","hol R1","Feb",2000,1
"2695",4,"P+",2000-02-21,"R2","C5","Yockney","NEW","1043","1221","Rat","F",73,130,"","Adult","","","hol","hol R2","Feb",2000,1
"2736",4,"P+",2000-02-22,"MR1","B6","Coleman","NEW","1015","1210","Rat","F",47,122,"","Adult","","","hol","hol MR1","Feb",2000,2
"2738",4,"P+",2000-02-22,"MR1","D7","Coleman","NEW","1220","1010","Rat","F",53,134,"","Lact","","enlarged nipples","hol","hol MR1","Feb",2000,2
"2754",4,"P+",2000-02-22,"MR2","E9","Coleman","NEW","1184","1235","Rat","F",56,115,"","Juv","","","hol","hol MR2","Feb",2000,2
"2766",4,"P+",2000-02-22,"R1","C4","Coleman","NEW","1095","1208","Rat","M",154,205,"","Adult","","","hol","hol R1","Feb",2000,2
"2860",4,"P+",2000-02-23,"MR2","I6","Yockney","NEW","1228","1226","Rat","M",121,165,"","Adult","","","hol","hol MR2","Feb",2000,3
"2928",4,"P+",2000-02-24,"M2","F9","Yockney","DEAD","","","Rat","",NA,NA,"","","","","hol","hol M2","Feb",2000,4
"2929",4,"P+",2000-02-24,"M2","G7","Yockney","DEAD","","","Rat","",NA,NA,"","","","","hol","hol M2","Feb",2000,4
"2935",4,"P+",2000-02-24,"MR1","A9","Yockney","RECAP","1220","1010","Rat","",NA,NA,"","","","","hol","hol MR1","Feb",2000,4
"3013",4,"P+",2000-02-25,"MR1","A5","Coleman","NEW","1207","1217","Rat","F",50,123,"","Lact","","","hol","hol MR1","Feb",2000,5
"3036",4,"P+",2000-02-25,"MR2","H8","Yockney","NEW","1232","1227","Rat","M",61,125,"","Juv","","","hol","hol MR2","Feb",2000,5
"3157",5,"P-",2000-05-05,"M1","H9","Young","DEAD","","","Rat","",NA,NA,"","","","","egl","egl M1","May",2000,2
"3184",5,"P-",2000-05-05,"R1","H7","Ruscoe","OLD","1075","1123","Rat","F",95,145,"","Juv","","Looks like it previously had a tag in right ear only.","egl","egl R1","May",2000,2
"3269",5,"P-",2000-05-07,"M1","G8","Young","DEAD","","","Rat","",NA,NA,"","","","","egl","egl M1","May",2000,4
"3272",5,"P-",2000-05-07,"M1","I8","Young","DEAD","","","Rat","",NA,NA,"","","","","egl","egl M1","May",2000,4
"3273",5,"P-",2000-05-07,"M1","I9","Young","DEAD","","","Rat","",NA,NA,"","","","","egl","egl M1","May",2000,4
"3274",5,"P-",2000-05-07,"M2","G2","Young","DEAD","","","Rat","",NA,NA,"","","","","egl","egl M2","May",2000,4
"3283",5,"P-",2000-05-07,"MR1","G8","Young","NEW","1216","1063","Rat","F",52,110,"","Juv","","","egl","egl MR1","May",2000,4
"3300",5,"P-",2000-05-07,"R2","A5","Coleman","NEW","1239","1230","Rat","M",95,145,"","Juv","","","egl","egl R2","May",2000,4
"3302",5,"P-",2000-05-07,"R2","E9","Yockney","NEW","1080","","Rat","F",27,90,"","Adult","","","egl","egl R2","May",2000,4
"3313",5,"P-",2000-05-08,"M1","I9","Young","DEAD","","","Rat","",NA,NA,"","","","","egl","egl M1","May",2000,5
"3321",5,"P-",2000-05-08,"MR1","B6","Coleman","NEW","1105","1130","Rat","M",62,125,"","Juv","","","egl","egl MR1","May",2000,5
"3354",5,"P-",2000-05-08,"R1","E2","Ruscoe","NEW","805","2004","Rat","F",110,150,"","Adult","","White dot on forehead","egl","egl R1","May",2000,5
"3370",5,"P-",2000-05-08,"R2","G9","Ruscoe","NEW","448","955","Rat","F",75,130,"","Adult","","","egl","egl R2","May",2000,5
"3385",5,"P+",2000-05-09,"M1","I6","Ruscoe","DEAD","","","Rat","",NA,NA,"","","","","hol","hol M1","May",2000,1
"3387",5,"P+",2000-05-09,"M2","A3","Young","DEAD","","","Rat","",NA,NA,"","","","","hol","hol M2","May",2000,1
"3388",5,"P+",2000-05-09,"M2","B4","Young","DEAD","","","Rat","",NA,NA,"","","","","hol","hol M2","May",2000,1
"3389",5,"P+",2000-05-09,"M2","C1","Young","DEAD","","","Rat","",NA,NA,"","","","","hol","hol M2","May",2000,1
"3393",5,"P+",2000-05-09,"M2","D3","Drew","DEAD","","","Rat","",NA,NA,"","","","","hol","hol M2","May",2000,1
"3394",5,"P+",2000-05-09,"M2","D4","Drew","DEAD","","","Rat","",NA,NA,"","","","","hol","hol M2","May",2000,1
"3399",5,"P+",2000-05-09,"M2","F4","Drew","DEAD","","","Rat","",NA,NA,"","","","","hol","hol M2","May",2000,1
"3400",5,"P+",2000-05-09,"M2","F6","Drew","DEAD","","","Rat","",NA,NA,"","","","","hol","hol M2","May",2000,1
"3404",5,"P+",2000-05-09,"MR1","A6","Young","OLD","1207","1217","Rat","",NA,NA,"","","","","hol","hol MR1","May",2000,1
"3406",5,"P+",2000-05-09,"MR1","D9","Young","NEW","2100","2079","Rat","M",NA,100,"","","","","hol","hol MR1","May",2000,1
"3407",5,"P+",2000-05-09,"MR1","E2","Drew","NEW","2067","2069","Rat","F",27,100,"","Juv","","","hol","hol MR1","May",2000,1
"3408",5,"P+",2000-05-09,"MR1","E3","Drew","OLD","1015","1210","Rat","F",50,125,"","Adult","","","hol","hol MR1","May",2000,1
"3409",5,"P+",2000-05-09,"MR1","E8","Drew","NEW","2062","2074","Rat","M",100,160,"","Juv","","","hol","hol MR1","May",2000,1
"3411",5,"P+",2000-05-09,"MR1","G8","Ruscoe","NEW","1214","1096","Rat","M",120,160,"","Adult","","","hol","hol MR1","May",2000,1
"3414",5,"P+",2000-05-09,"MR1","I2","Ruscoe","NEW","1212","1209","Rat","M",40,110,"","Juv","","","hol","hol MR1","May",2000,1
"3420",5,"P+",2000-05-09,"MR2","B6","Young","NEW","2086","2039","Rat","F",NA,140,"","Adult","","","hol","hol MR2","May",2000,1
"3421",5,"P+",2000-05-09,"MR2","B8","Young","NEW","2093","2047","Rat","F",NA,140,"","Adult","","","hol","hol MR2","May",2000,1
"3422",5,"P+",2000-05-09,"MR2","C2","Young","NEW","2091","2085","Rat","M",NA,160,"","Adult","","","hol","hol MR2","May",2000,1
"3429",5,"P+",2000-05-09,"MR2","E2","Ruscoe","NEW","1205","1079","Rat","F",96,135,"","Adult","","","hol","hol MR2","May",2000,1
"3431",5,"P+",2000-05-09,"MR2","E6","Drew","NEW","2065","","Rat","M",35,110,"","Juv","","","hol","hol MR2","May",2000,1
"3490",5,"P+",2000-05-10,"M1","D9","Drew","NEW","","","Rat","",NA,NA,"","","","escaped","hol","hol M1","May",2000,2
"3514",5,"P+",2000-05-10,"M2","I6","Ruscoe","DEAD","","","Rat","",NA,NA,"","","","","hol","hol M2","May",2000,2
"3515",5,"P+",2000-05-10,"MR1","A6","Young","RECAP","1207","1217","Rat","",25,NA,"","","","","hol","hol MR1","May",2000,2
"3517",5,"P+",2000-05-10,"MR1","D9","Young","NEW","1222","","Rat","",NA,NA,"","","","escaped with one tag","hol","hol MR1","May",2000,2
"3570",5,"P+",2000-05-10,"R2","I7","Ruscoe","NEW","1291","1300","Rat","M",89,145,"","Juv","","","hol","hol R2","May",2000,2
"3573",5,"P+",2000-05-11,"M1","C2","Young","DEAD","","","Rat","",NA,NA,"","","","","hol","hol M1","May",2000,3
"3601",5,"P+",2000-05-11,"M2","F5","Drew","DEAD","","","Rat","",NA,NA,"","","","","hol","hol M2","May",2000,3
"3607",5,"P+",2000-05-11,"MR1","A3","Young","NEW","1083","1275","Rat","M",35,100,"","Juv","","","hol","hol MR1","May",2000,3
"3609",5,"P+",2000-05-11,"MR1","B9","Young","NEW","1255","1282","Rat","M",40,110,"","Juv","","Left Tag changed from 1279 to 1255 (11/05/2000).","hol","hol MR1","May",2000,3
"3611",5,"P+",2000-05-11,"MR1","E3","Drew","NEW","1040","1113","Rat","M",115,160,"","Adult","","","hol","hol MR1","May",2000,3
"3670",5,"P+",2000-05-11,"R2","C3","Young","NEW","1070","1276","Rat","M",35,110,"","Juv","","","hol","hol R2","May",2000,3
"3677",5,"P+",2000-05-11,"R2","I4","Ruscoe","NEW","1268","1201","Rat","M",39,100,"","Juv","","","hol","hol R2","May",2000,3
"3678",5,"P+",2000-05-11,"R2","I6","Ruscoe","NEW","1251","1262","Rat","M",127,160,"","Adult","","","hol","hol R2","May",2000,3
"3697",5,"P+",2000-05-12,"M1","H3","Ruscoe","DEAD","","","Rat","",NA,NA,"","","","","hol","hol M1","May",2000,4
"3702",5,"P+",2000-05-12,"M1","I8","Ruscoe","DEAD","","","Rat","",NA,NA,"","","","","hol","hol M1","May",2000,4
"3703",5,"P+",2000-05-12,"M2","A6","Young","DEAD","","","Rat","",NA,NA,"","","","","hol","hol M2","May",2000,4
"3710",5,"P+",2000-05-12,"M2","F4","Drew","DEAD","","","Rat","",NA,NA,"","","","","hol","hol M2","May",2000,4
"3769",5,"P+",2000-05-12,"R1","E3","Drew","NEW","1249","1294","Rat","F",41,105,"","Adult","","Right Tag changed from 1250 to 1294 (12/05/2000).","hol","hol R1","May",2000,4
"3803",5,"P+",2000-05-12,"R2","I4","Ruscoe","NEW","1267","1236","Rat","F",40,103,"","Juv","","","hol","hol R2","May",2000,4
"3805",5,"P+",2000-05-13,"M1","A2","Young","DEAD","","","Rat","",NA,NA,"","","","","hol","hol M1","May",2000,5
"3810",5,"P+",2000-05-13,"M1","F7","Drew","DEAD","","","Rat","",NA,NA,"","","","","hol","hol M1","May",2000,5
"3830",5,"P+",2000-05-13,"M2","I8","Ruscoe","DEAD","","","Rat","",NA,NA,"","","","","hol","hol M2","May",2000,5
"3832",5,"P+",2000-05-13,"MR1","B6","Young","NEW","1241","1042","Rat","M",30,110,"","Juv","","","hol","hol MR1","May",2000,5
"3848",5,"P+",2000-05-13,"MR1","H4","Ruscoe","NEW","1223","1273","Rat","F",33,105,"","Adult","","","hol","hol MR1","May",2000,5
"3852",5,"P+",2000-05-13,"MR1","I3","Ruscoe","NEW","1144","1203","Rat","F",60,122,"","Adult","","","hol","hol MR1","May",2000,5
"3911",5,"P+",2000-05-13,"R2","H2","Ruscoe","NEW","1264","1271","Rat","M",37,100,"","Juv","","","hol","hol R2","May",2000,5
"3912",5,"P+",2000-05-13,"R2","I3","Ruscoe","NEW","1270","1215","Rat","F",NA,100,"","Juv","","","hol","hol R2","May",2000,5
"3913",5,"P+",2000-05-13,"R2","I4","Ruscoe","NEW","1204","1269","Rat","M",37,100,"","Juv","","","hol","hol R2","May",2000,5
"3919",6,"P-",2000-08-24,"M1","A5","Coleman","DEAD","","","Rat","",NA,NA,"","","","","egl","egl M1","Aug",2000,1
"3921",6,"P-",2000-08-24,"M1","A9","Coleman","DEAD","","","Rat","",NA,NA,"","","","","egl","egl M1","Aug",2000,1
"3979",6,"P-",2000-08-24,"MR1","I8","Ruscoe","NEW","1337","1266","Rat","",NA,NA,"","","","escaped - may have had one tag previously","egl","egl MR1","Aug",2000,1
"4016",6,"P-",2000-08-24,"R1","G3","Ruscoe","NEW","1252","1335","Rat","M",192,190,"","Adult","","","egl","egl R1","Aug",2000,1
"4131",6,"P-",2000-08-25,"MR1","C9","Drew","NEW","1322","","Rat","M",NA,164,"","Adult","","""""""missing tail tip.No second tag put in.""""""","egl","egl MR1","Aug",2000,2
"4290",6,"P-",2000-08-26,"MR1","H9","Ruscoe","NEW","1275","1332","Rat","F",142,160,"","Adult","","","egl","egl MR1","Aug",2000,3
"4429",6,"P-",2000-08-27,"MR2","B9","Drew","NEW","1345","1350","Rat","F",98,155,"","Adult","","","egl","egl MR2","Aug",2000,4
"4598",6,"P-",2000-08-29,"M2","A5","Yockney","DEAD","","","Rat","",NA,NA,"","","","","egl","egl M2","Aug",2000,6
"4618",6,"P+",2000-08-30,"M1","A8","Yockney","DEAD","","","Rat","",NA,NA,"","","","","hol","hol M1","Aug",2000,1
"4619",6,"P+",2000-08-30,"M1","B6","Yockney","DEAD","","","Rat","",NA,NA,"","","","","hol","hol M1","Aug",2000,1
"4625",6,"P+",2000-08-30,"M1","C8","Yockney","DEAD","","","Rat","",NA,NA,"","","","","hol","hol M1","Aug",2000,1
"4631",6,"P+",2000-08-30,"M1","E1","Coleman","DEAD","","","Rat","",NA,NA,"","","","","hol","hol M1","Aug",2000,1
"4668",6,"P+",2000-08-30,"MR1","E8","Coleman","NEW","1389","1371","Rat","F",35,110,"","Juv","","Left Tag changed from 1293 to 1389 (30/08/2000).","hol","hol MR1","Aug",2000,1
"4674",6,"P+",2000-08-30,"MR1","H7","Drew","NEW","1310","1314","Rat","F",37.5,116,"","Juv","","","hol","hol MR1","Aug",2000,1
"4676",6,"P+",2000-08-30,"MR1","I3","Drew","NEW","","","Rat","",NA,NA,"","","","escape","hol","hol MR1","Aug",2000,1
"4756",6,"P+",2000-08-30,"R1","G9","Drew","NEW","","","Rat","",NA,NA,"","","","escape - possible kiore - grey body","hol","hol R1","Aug",2000,1
"4786",6,"P+",2000-08-30,"R2","F4","Coleman","OLD","1365","1271","Rat","M",100,155,"","Adult","","""""""1271 - old tag1365 - new tag""""""","hol","hol R2","Aug",2000,1
"4817",6,"P+",2000-08-31,"M1","F1","Coleman","DEAD","","","Rat","",NA,NA,"","","","","hol","hol M1","Aug",2000,2
"4825",6,"P+",2000-08-31,"M1","H9","Drew","DEAD","","","Rat","",NA,NA,"","","","possible kiore","hol","hol M1","Aug",2000,2
"4828",6,"P+",2000-08-31,"M1","I8","Drew","DEAD","","","Rat","",NA,NA,"","",""," possible kiore","hol","hol M1","Aug",2000,2
"4861",6,"P+",2000-08-31,"MR1","A8","Yockney","NEW","1359","1355","Rat","F",38,115,"","Juv","","","hol","hol MR1","Aug",2000,2
"4862",6,"P+",2000-08-31,"MR1","A9","Yockney","OLD","1255","1282","Rat","M",53,125,"","Adult","","1255 new tag","hol","hol MR1","Aug",2000,2
"4869",6,"P+",2000-08-31,"MR1","B9","Yockney","OLD","1246","1256","Rat","F",48,132,"","Adult","","Both new tags. Ears had good rips in then indicating it had been tagged previously.","hol","hol MR1","Aug",2000,2
"5048",6,"P+",2000-09-01,"MR1","A7","Yockney","RECAP","1359","1355","Rat","F",NA,NA,"","","","","hol","hol MR1","Aug",2000,3
"5060",6,"P+",2000-09-01,"MR1","E7","Coleman","RECAP","1389","1371","Rat","F",NA,NA,"","","","Left Tag changed from 1293 to 1389 (1/09/2000).","hol","hol MR1","Aug",2000,3
"5063",6,"P+",2000-09-01,"MR1","F6","Coleman","NEW","1069","1295","Rat","F",51,118,"","Juv","","","hol","hol MR1","Aug",2000,3
"5185",6,"P+",2000-09-02,"M1","B7","Yockney","DEAD","","","Rat","",NA,NA,"","","","","hol","hol M1","Aug",2000,4
"5234",6,"P+",2000-09-02,"MR1","A8","Yockney","RECAP","1255","1282","Rat","",NA,NA,"","","","","hol","hol MR1","Aug",2000,4
"5242",6,"P+",2000-09-02,"MR1","D9","Coleman","RECAP","1389","1371","Rat","F",NA,NA,"","","","Left Tag changed from 1293 to 1389 (2/09/2000).","hol","hol MR1","Aug",2000,4
"5252",6,"P+",2000-09-02,"MR1","I2","Drew","OLD","1212","1209","Rat","M",NA,124,"","Juv","","previously called a ship rat","hol","hol MR1","Aug",2000,4
"5405",6,"P+",2000-09-03,"MR1","A8","Yockney","RECAP","1355","1359","Rat","",NA,NA,"","","","","hol","hol MR1","Aug",2000,5
"5411",6,"P+",2000-09-03,"MR1","D9","Coleman","RECAP","1389","1371","Rat","F",NA,NA,"","","","Left Tag changed from 1293 to 1389 (3/09/2000).","hol","hol MR1","Aug",2000,5
"5414",6,"P+",2000-09-03,"MR1","F6","Coleman","RECAP","1069","1295","Rat","",NA,NA,"","","","","hol","hol MR1","Aug",2000,5
"5461",6,"P+",2000-09-03,"MR2","I6","Yockney","NEW","1302","1323","Rat","M",123,162,"","Adult","","","hol","hol MR2","Aug",2000,5
"5534",7,"P-",2000-11-08,"M1","B3","Yockney","DEAD","","","Rat","",NA,NA,"","","","","egl","egl M1","Nov",2000,1
"5544",7,"P-",2000-11-08,"M1","E8","Young","DEAD","","","Rat","",NA,NA,"","","","","egl","egl M1","Nov",2000,1
"5651",7,"P-",2000-11-08,"R1","F3","Drew","NEW","1319","1303","Rat","F",134,170,"","Adult","","","egl","egl R1","Nov",2000,1
"5653",7,"P-",2000-11-08,"R1","F5","Drew","OLD","","1335","Rat","M",201,NA,"","Adult","","only one tag.","egl","egl R1","Nov",2000,1
"5689",7,"P-",2000-11-08,"R2","D3","Yockney","OLD","1299","1280","Rat","M",105,165,"","Adult","","","egl","egl R2","Nov",2000,1
"5745",7,"P-",2000-11-09,"M1","F2","Young","DEAD","","","Rat","",NA,NA,"","","","","egl","egl M1","Nov",2000,2
"5748",7,"P-",2000-11-09,"M1","H2","Young","NEW","","","Rat","",NA,NA,"","","","Escaped","egl","egl M1","Nov",2000,2
"5843",7,"P-",2000-11-09,"R1","C5","Drew","NEW","1360","1354","Rat","F",76.5,138,"","Juv","","","egl","egl R1","Nov",2000,2
"5863",7,"P-",2000-11-09,"R1","F8","Ruscoe","NEW","1321","2661","Rat","M",55,130,"","Juv","","","egl","egl R1","Nov",2000,2
"5901",7,"P-",2000-11-09,"R2","I7","Young","NEW","1274","1328","Rat","M",160,170,"","","","","egl","egl R2","Nov",2000,2
"5907",7,"P-",2000-11-10,"M1","A6","Yockney","DEAD","","","Rat","",NA,NA,"","","","","egl","egl M1","Nov",2000,3
"5924",7,"P-",2000-11-10,"M1","G8","Young","DEAD","","","Rat","",NA,NA,"","","","","egl","egl M1","Nov",2000,3
"5951",7,"P-",2000-11-10,"M2","D7","Yockney","DEAD","","","Rat","",NA,NA,"","","","","egl","egl M2","Nov",2000,3
"5965",7,"P-",2000-11-10,"MR1","A3","Ruscoe","NEW","1206","1356","Rat","F",204,170,"","Preg","","","egl","egl MR1","Nov",2000,3
"6057",7,"P-",2000-11-10,"R2","B9","Yockney","NEW","1286","1225","Rat","M",140,180,"","Adult","","","egl","egl R2","Nov",2000,3
"6122",7,"P-",2000-11-11,"M2","B7","Yockney","DEAD","","","Rat","",NA,NA,"","","","","egl","egl M2","Nov",2000,4
"6126",7,"P-",2000-11-11,"M2","C6","Yockney","DEAD","","","Rat","",NA,NA,"","","","","egl","egl M2","Nov",2000,4
"6200",7,"P-",2000-11-11,"R1","B8","Ruscoe","NEW","1358","1351","Rat","M",145,180,"","Juv","","","egl","egl R1","Nov",2000,4
"6225",7,"P-",2000-11-11,"R2","B8","Yockney","RECAP","1286","1225","Rat","M",132,180,"","Adult","","","egl","egl R2","Nov",2000,4
"6292",7,"P-",2000-11-12,"M2","I9","Young","DEAD","","","Rat","",NA,NA,"","","","","egl","egl M2","Nov",2000,5
"6324",7,"P-",2000-11-12,"MR1","H8","Drew","NEW","1316","2632","Rat","M",112,170,"","Juv","","","egl","egl MR1","Nov",2000,5
"6477",7,"P+",2000-11-13,"M1","H8","Yockney","DEAD","","","Rat","",NA,NA,"","","","","hol","hol M1","Nov",2000,1
"6518",7,"P+",2000-11-13,"MR2","E9","Drew","NEW","2511","2549","Rat","F",128,158,"","Adult","","","hol","hol MR2","Nov",2000,1
"6559",7,"P+",2000-11-14,"M1","D9","Drew","DEAD","","","Rat","",NA,NA,"","","","","hol","hol M1","Nov",2000,2
"6600",7,"P+",2000-11-14,"MR1","A1","Coleman","NEW","1304","1344","Rat","M",140,180,"","Adult","","","hol","hol MR1","Nov",2000,2
"6610",7,"P+",2000-11-14,"MR1","E8","Drew","OLD","1389","1371","Rat","F",50,130,"","Adult","","tail120  Left Tag changed from 1244 to 1389 (14/11/2000).","hol","hol MR1","Nov",2000,2
"6620",7,"P+",2000-11-14,"MR1","H3","Yockney","NEW","1297","1287","Rat","F",46,125,"","Adult","","tail 115","hol","hol MR1","Nov",2000,2
"6624",7,"P+",2000-11-14,"MR1","I3","Yockney","NEW","1292","1277","Rat","F",128,170,"","Adult","","","hol","hol MR1","Nov",2000,2
"6676",7,"P+",2000-11-14,"R1","C7","Yockney","NEW","1301","1316","Rat","M",60,140,"","Juv","","","hol","hol R1","Nov",2000,2
"6681",7,"P+",2000-11-14,"R1","D7","Drew","NEW","1245","1259","Rat","",50,130,"","","","tail 115","hol","hol R1","Nov",2000,2
"6688",7,"P+",2000-11-14,"R1","G8","Drew","NEW","1370","1364","Rat","M",170,190,"","Adult","","","hol","hol R1","Nov",2000,2
"6704",7,"P+",2000-11-14,"R2","G4","Drew","NEW","1051","1369","Rat","M",120,160,"","Adult","","","hol","hol R2","Nov",2000,2
"6770",7,"P+",2000-11-15,"M2","I9","Yockney","DEAD","","","Rat","",NA,NA,"","","","","hol","hol M2","Nov",2000,3
"6774",7,"P+",2000-11-15,"MR1","A9","Coleman","OLD","1246","1256","Rat","F",48,140,"","Juv","","","hol","hol MR1","Nov",2000,3
"6787",7,"P+",2000-11-15,"MR1","E5","Coleman","OLD","1212","1209","Rat","M",53,135,"","Adult","","","hol","hol MR1","Nov",2000,3
"6792",7,"P+",2000-11-15,"MR1","F9","Yockney","NEW","1005","1294","Rat","F",52,130,"","Lact","","Left Tag changed from 1094 to 1005 (15/11/2000).","hol","hol MR1","Nov",2000,3
"6796",7,"P+",2000-11-15,"MR1","H4","Yockney","NEW","1372","1298","Rat","M",27,100,"","Adult","","","hol","hol MR1","Nov",2000,3
"6827",7,"P+",2000-11-15,"MR2","E9","Coleman","RECAP","2511","2549","Rat","F",129,165,"","Adult","","","hol","hol MR2","Nov",2000,3
"6850",7,"P+",2000-11-15,"R1","B8","Coleman","NEW","","","Rat","",NA,NA,"","","","Escaped","hol","hol R1","Nov",2000,3
"6855",7,"P+",2000-11-15,"R1","D7","Coleman","RECAP","1245","1259","Rat","M",46,130,"","Adult","","","hol","hol R1","Nov",2000,3
"6865",7,"P+",2000-11-15,"R1","G2","Coleman","NEW","1363","1375","Rat","F",46,125,"","Juv","","TAIL 115mm","hol","hol R1","Nov",2000,3
"6866",7,"P+",2000-11-15,"R1","G6","Yockney","NEW","1283","1373","Rat","F",42,125,"","Adult","","Tail 115","hol","hol R1","Nov",2000,3
"6898",7,"P+",2000-11-16,"M1","B5","Choquenot","DEAD","","","Rat","",NA,NA,"","","","","hol","hol M1","Nov",2000,4
"6924",7,"P+",2000-11-16,"M2","A5","Choquenot","DEAD","","","Rat","",NA,NA,"","","","","hol","hol M2","Nov",2000,4
"6953",7,"P+",2000-11-16,"MR1","D6","Coleman","OLD","1015","1210","Rat","F",67,130,"","Preg","","""""""fat, nipples obvious""""""","hol","hol MR1","Nov",2000,4
"6958",7,"P+",2000-11-16,"MR1","E9","Coleman","NEW","1362","1254","Rat","M",60,135,"","Adult","","tail 125","hol","hol MR1","Nov",2000,4
"6964",7,"P+",2000-11-16,"MR1","F8","Coleman","RECAP","1389","1371","Rat","F",45,125,"","Adult","","tail 115  Left Tag changed from 1244 to 1389 (16/11/2000).","hol","hol MR1","Nov",2000,4
"6965",7,"P+",2000-11-16,"MR1","G7","Drew","RECAP","1005","1294","Rat","F",NA,NA,"","","","Left Tag changed from 1094 to 1005 (16/11/2000).","hol","hol MR1","Nov",2000,4
"6967",7,"P+",2000-11-16,"MR1","H2","Drew","RECAP","1212","1209","Rat","M",NA,NA,"","","y","DOA","hol","hol MR1","Nov",2000,4
"6969",7,"P+",2000-11-16,"MR1","H9","Drew","NEW","1281","1367","Rat","M",18,90,"","Juv","","baby rat","hol","hol MR1","Nov",2000,4
"6972",7,"P+",2000-11-16,"MR1","I8","Drew","NEW","1368","1284","Rat","M",62,150,"","Adult","","","hol","hol MR1","Nov",2000,4
"6983",7,"P+",2000-11-16,"MR2","D1","Coleman","NEW","1242","1257","Rat","M",150,180,"","Adult","","","hol","hol MR2","Nov",2000,4
"7000",7,"P+",2000-11-16,"MR2","G5","Drew","NEW","1383","1379","Rat","M",NA,130,"","Juv","","juv Rr","hol","hol MR2","Nov",2000,4
"7014",7,"P+",2000-11-16,"MR2","I8","Drew","NEW","1382","1396","Rat","F",58.5,130,"","P+L","","","hol","hol MR2","Nov",2000,4
"7017",7,"P+",2000-11-16,"R1","B4","Choquenot","NEW","2252","2620","Rat","F",58,142,"","Adult","","tail 121","hol","hol R1","Nov",2000,4
"7019",7,"P+",2000-11-16,"R1","B6","Choquenot","RECAP","1301","1316","Rat","M",NA,140,"","Adult","","tail 120","hol","hol R1","Nov",2000,4
"7020",7,"P+",2000-11-16,"R1","B7","Choquenot","NEW","1272","2696","Rat","M",41.5,128,"","Adult","","Left Tag changed from 2686 to 1272 (16/11/2000).","hol","hol R1","Nov",2000,4
"7021",7,"P+",2000-11-16,"R1","C2","Choquenot","NEW","2689","2700","Rat","F",40,123,"","Juv","","tail 107","hol","hol R1","Nov",2000,4
"7023",7,"P+",2000-11-16,"R1","D7","Coleman","NEW","1240","1536","Rat","M",47,140,"","Adult","","tail 122  Right Tag changed from 1248 to 1535 (16/11/2000).  Right Tag changed from 1535 to 1536 (16/11/2000).","hol","hol R1","Nov",2000,4
"7026",7,"P+",2000-11-16,"R1","F2","Coleman","NEW","1008","1260","Rat","M",52,130,"","Adult","","tail 110","hol","hol R1","Nov",2000,4
"7027",7,"P+",2000-11-16,"R1","G2","Drew","RECAP","1363","1375","Rat","",NA,NA,"","","","","hol","hol R1","Nov",2000,4
"7028",7,"P+",2000-11-16,"R1","G3","Drew","NEW","1288","1290","Rat","M",54,135,"","Adult","","","hol","hol R1","Nov",2000,4
"7035",7,"P+",2000-11-16,"R1","I8","Drew","NEW","1285","1374","Rat","M",55,137,"","Adult","","","hol","hol R1","Nov",2000,4
"7117",7,"P+",2000-11-17,"MR1","D7","Coleman","RECAP","1389","1371","Rat","F",NA,NA,"","","","Left Tag changed from 1244 to 1389 (17/11/2000).","hol","hol MR1","Nov",2000,5
"7121",7,"P+",2000-11-17,"MR1","E4","Coleman","NEW","1361","1326","Rat","M",60,143,"","Adult","","tail 118","hol","hol MR1","Nov",2000,5
"7123",7,"P+",2000-11-17,"MR1","E8","Coleman","NEW","1152","1198","Rat","M",65,148,"","Adult","","","hol","hol MR1","Nov",2000,5
"7127",7,"P+",2000-11-17,"MR1","F7","Drew","RECAP","1254","1362","Rat","",NA,NA,"","","","","hol","hol MR1","Nov",2000,5
"7131",7,"P+",2000-11-17,"MR1","G8","Drew","NEW","1376","1392","Rat","M",25,95,"","Juv","","","hol","hol MR1","Nov",2000,5
"7132",7,"P+",2000-11-17,"MR1","G9","Drew","RECAP","1005","1294","Rat","F",NA,NA,"","","","Left Tag changed from 1094 to 1005 (17/11/2000).","hol","hol MR1","Nov",2000,5
"7139",7,"P+",2000-11-17,"MR1","I6","Drew","OLD","1386","1398","Rat","F",48,130,"","Adult","","lost tags","hol","hol MR1","Nov",2000,5
"7140",7,"P+",2000-11-17,"MR1","I9","Drew","RECAP","1281","1367","Rat","",NA,NA,"","","","","hol","hol MR1","Nov",2000,5
"7190",7,"P+",2000-11-17,"R1","A3","Coleman","RECAP","2252","2620","Rat","F",NA,NA,"","Adult","","","hol","hol R1","Nov",2000,5
"7191",7,"P+",2000-11-17,"R1","B2","Coleman","OLD","1248","1241","Rat","M",57,145,"","Adult","","tail 121","hol","hol R1","Nov",2000,5
"7193",7,"P+",2000-11-17,"R1","B8","Coleman","RECAP","1272","2696","Rat","M",NA,NA,"","Adult","","Left Tag changed from 2686 to 1272 (17/11/2000).","hol","hol R1","Nov",2000,5
"7194",7,"P+",2000-11-17,"R1","C2","Coleman","NEW","1420","1506","Rat","F",48,140,"","Adult","","tail 122  Right Tag changed from 1408 to 1506 (17/11/2000).","hol","hol R1","Nov",2000,5
"7195",7,"P+",2000-11-17,"R1","C8","Coleman","NEW","1406","1415","Rat","F",43,120,"","Juv","","tail 135","hol","hol R1","Nov",2000,5
"7196",7,"P+",2000-11-17,"R1","D1","Coleman","RECAP","2689","2700","Rat","F",42,120,"","Juv","","tail 100","hol","hol R1","Nov",2000,5
"7200",7,"P+",2000-11-17,"R1","G2","Drew","RECAP","1008","1260","Rat","M",NA,NA,"","","","","hol","hol R1","Nov",2000,5
"7370",8,"P-",2001-02-15,"M2","I3","Young","DEAD","","","Rat","",NA,NA,"","","","","egl","egl M2","Feb",2001,2
"7455",8,"P-",2001-02-16,"M2","A8","Yockney","DEAD","","","Rat","",NA,NA,"","","","","egl","egl M2","Feb",2001,3
"7481",8,"P-",2001-02-16,"MR2","A6","Yockney","NEW","1437","1448","Rat","F",134,160,"","Juv","","","egl","egl MR2","Feb",2001,3
"7550",8,"P-",2001-02-17,"M1","G8","Young","DEAD","","","Rat","",NA,NA,"","","","","egl","egl M1","Feb",2001,4
"7595",8,"P-",2001-02-17,"MR1","F9","Choquenot","NEW","1385","1394","Rat","F",116,173,"","Adult","","","egl","egl MR1","Feb",2001,4
"7598",8,"P-",2001-02-17,"MR1","G7","Young","NEW","1331","1338","Rat","F",98,130,"","Adult","","","egl","egl MR1","Feb",2001,4
"7690",8,"P-",2001-02-18,"M1","C9","Choquenot","DEAD","","","Rat","",NA,NA,"","","","","egl","egl M1","Feb",2001,5
"7694",8,"P-",2001-02-18,"M1","F6","Yockney","DEAD","","","Rat","",NA,NA,"","","","","egl","egl M1","Feb",2001,5
"7774",8,"P-",2001-02-18,"R2","H1","Young","NEW","1107","1243","Rat","F",170,180,"","Adult","","","egl","egl R2","Feb",2001,5
"7803",8,"P+",2001-02-20,"M1","F9","Young","DEAD","","","Rat","",NA,NA,"","","","","hol","hol M1","Feb",2001,1
"7811",8,"P+",2001-02-20,"M1","I3","Young","DEAD","","","Rat","",NA,NA,"","","","","hol","hol M1","Feb",2001,1
"7831",8,"P+",2001-02-20,"MR1","A4","Yockney","NEW","1265","1450","Rat","M",175,180,"","Adult","","","hol","hol MR1","Feb",2001,1
"7848",8,"P+",2001-02-20,"MR1","G8","Young","OLD","1329","1334","Rat","F",50,120,"","Adult","","both ears had been tagged.","hol","hol MR1","Feb",2001,1
"7881",8,"P+",2001-02-20,"MR2","I3","Choquenot","OLD","1382","1396","Rat","F",51,125,"","Adult","","","hol","hol MR2","Feb",2001,1
"7883",8,"P+",2001-02-20,"MR2","I5","Choquenot","NEW","1380","1391","Rat","M",43,125,"","Adult","","","hol","hol MR2","Feb",2001,1
"7888",8,"P+",2001-02-20,"R1","A7","Yockney","OLD","1272","2696","Rat","M",50,120,"","","","","hol","hol R1","Feb",2001,1
"7899",8,"P+",2001-02-20,"R1","E3","Choquenot","NEW","","","Rat","",NA,NA,"","","y","DOA - Stoat in trap","hol","hol R1","Feb",2001,1
"7918",8,"P+",2001-02-20,"R2","C6","Yockney","NEW","1443","1445","Rat","F",65,130,"","Adult","","","hol","hol R2","Feb",2001,1
"7920",8,"P+",2001-02-20,"R2","D5","Young","NEW","1330","1353","Rat","M",115,160,"","Adult","","","hol","hol R2","Feb",2001,1
"7979",8,"P+",2001-02-21,"MR1","A9","Yockney","OLD","1255","1282","Rat","M",60,125,"","Adult","","","hol","hol MR1","Feb",2001,2
"7998",8,"P+",2001-02-21,"MR1","G9","Young","OLD","1281","1367","Rat","M",50,110,"","Juv","","","hol","hol MR1","Feb",2001,2
"8001",8,"P+",2001-02-21,"MR1","I9","Young","OLD","1249","1294","Rat","F",50,110,"","Adult","","1294 new tag.","hol","hol MR1","Feb",2001,2
"8024",8,"P+",2001-02-21,"MR2","I5","Drew","NEW","1384","2938","Rat","M",40,120,"","Juv","","Right Tag changed from 1400 to 2938 (21/02/2001).","hol","hol MR2","Feb",2001,2
"8027",8,"P+",2001-02-21,"R1","A8","Yockney","NEW","1136","1449","Rat","F",40,110,"","Juv","","","hol","hol R1","Feb",2001,2
"8052",8,"P+",2001-02-21,"R2","A3","Yockney","RECAP","1353","","Rat","",NA,NA,"","","","didn't get other tag number","hol","hol R2","Feb",2001,2
"8107",8,"P+",2001-02-22,"M1","H9","Young","DEAD","","","Rat","",NA,NA,"","","","","hol","hol M1","Feb",2001,3
"8143",8,"P+",2001-02-22,"MR1","G9","Young","RECAP","1281","1367","Rat","",NA,NA,"","","","","hol","hol MR1","Feb",2001,3
"8144",8,"P+",2001-02-22,"MR1","H3","Young","NEW","1476","1500","Rat","F",100,120,"","Juv","","","hol","hol MR1","Feb",2001,3
"8176",8,"P+",2001-02-22,"MR2","I4","Choquenot","RECAP","1380","1391","Rat","",NA,NA,"","","","","hol","hol MR2","Feb",2001,3
"8177",8,"P+",2001-02-22,"MR2","I5","Choquenot","RECAP","1384","2938","Rat","",NA,NA,"","","","Right Tag changed from 1400 to 2938 (22/02/2001).","hol","hol MR2","Feb",2001,3
"8178",8,"P+",2001-02-22,"MR2","I9","Choquenot","NEW","1377","1397","Rat","M",64,140,"","Adult","","","hol","hol MR2","Feb",2001,3
"8183",8,"P+",2001-02-22,"R1","B7","Yockney","RECAP","1272","2696","Rat","M",NA,NA,"","","","","hol","hol R1","Feb",2001,3
"8222",8,"P+",2001-02-23,"M1","C8","Choquenot","DEAD","","","Rat","",NA,NA,"","","","","hol","hol M1","Feb",2001,4
"8251",8,"P+",2001-02-23,"M2","F2","Choquenot","DEAD","","","Rat","",NA,NA,"","","","","hol","hol M2","Feb",2001,4
"8265",8,"P+",2001-02-23,"MR1","C6","Yockney","NEW","1436","1440","Rat","F",26,100,"","Juv","","","hol","hol MR1","Feb",2001,4
"8272",8,"P+",2001-02-23,"MR1","E9","Choquenot","OLD","1389","1371","Rat","F",48,125,"","Adult","","1389 new tag ?","hol","hol MR1","Feb",2001,4
"8276",8,"P+",2001-02-23,"MR1","H4","Young","OLD","1386","1398","Rat","",NA,NA,"","","","","hol","hol MR1","Feb",2001,4
"8289",8,"P+",2001-02-23,"MR2","E9","Young","OLD","2511","2549","Rat","F",NA,NA,"","","","","hol","hol MR2","Feb",2001,4
"8303",8,"P+",2001-02-23,"MR2","I4","Choquenot","RECAP","1380","1391","Rat","",NA,NA,"","","","","hol","hol MR2","Feb",2001,4
"8305",8,"P+",2001-02-23,"MR2","I7","Choquenot","RECAP","1384","2938","Rat","",NA,NA,"","","","Right Tag changed from 1400 to 2938 (23/02/2001).","hol","hol MR2","Feb",2001,4
"8306",8,"P+",2001-02-23,"R1","A7","Yockney","NEW","1261","1438","Rat","F",45,120,"","Juv","","","hol","hol R1","Feb",2001,4
"8307",8,"P+",2001-02-23,"R1","A9","Yockney","RECAP","1136","1449","Rat","",NA,NA,"","","","","hol","hol R1","Feb",2001,4
"8388",8,"P+",2001-02-24,"M2","H3","Young","DEAD","","","Rat","",NA,NA,"","","","","hol","hol M2","Feb",2001,5
"8421",8,"P+",2001-02-24,"MR2","A7","Yockney","NEW","1439","1444","Rat","M",120,160,"","Adult","","","hol","hol MR2","Feb",2001,5
"8447",8,"P+",2001-02-24,"MR2","I4","Choquenot","RECAP","1380","1391","Rat","",NA,NA,"","","","","hol","hol MR2","Feb",2001,5
"8451",8,"P+",2001-02-24,"R1","A9","Yockney","RECAP","1136","1449","Rat","",NA,NA,"","","","","hol","hol R1","Feb",2001,5
"8456",8,"P+",2001-02-24,"R1","B7","Yockney","RECAP","1272","2696","Rat","M",NA,NA,"","","","","hol","hol R1","Feb",2001,5
"8492",9,"P-",2001-05-16,"M1","I9","Yockney","DEAD","","","Rat","",NA,NA,"","","","","egl","egl M1","May",2001,1
"8495",9,"P-",2001-05-16,"M2","I9","Young","DEAD","","","Rat","",NA,NA,"","","","","egl","egl M2","May",2001,1
"8665",9,"P-",2001-05-17,"R1","B1","Yockney","NEW","1456","2958","Rat","F",125,175,"Aut","Juv","","","egl","egl R1","May",2001,2
"8836",9,"P-",2001-05-19,"M1","E9","Yockney","DEAD","","","Rat","",NA,NA,"","","","","egl","egl M1","May",2001,4
"8865",9,"P-",2001-05-19,"MR1","B7","Yockney","NEW","2987","2999","Rat","M",68,130,"","Juv","","","egl","egl MR1","May",2001,4
"9071",9,"P+",2001-05-22,"M2","B2","Yockney","DEAD","","","Rat","",NA,NA,"","","y","DOA","hol","hol M2","May",2001,1
"9079",9,"P+",2001-05-22,"M2","D7","Yockney","DEAD","","","Rat","",NA,NA,"","","y","DOA","hol","hol M2","May",2001,1
"9100",9,"P+",2001-05-22,"MR1","D4","Yockney","NEW","2939","2949","Rat","M",35,100,"","Juv","","","hol","hol MR1","May",2001,1
"9103",9,"P+",2001-05-22,"MR1","E2","Yockney","NEW","1410","1530","Rat","F",36,110,"","Juv","","Sp??","hol","hol MR1","May",2001,1
"9104",9,"P+",2001-05-22,"MR1","E7","Yockney","OLD","1389","1371","Rat","F",43,130,"","Adult","","","hol","hol MR1","May",2001,1
"9140",9,"P+",2001-05-22,"R2","B7","Yockney","NEW","","","Rat","",NA,NA,"","","y","DOA","hol","hol R2","May",2001,1
"9147",9,"P+",2001-05-22,"R2","F8","Yockney","NEW","1523","2915","Rat","F",38,110,"","Juv","","","hol","hol R2","May",2001,1
"9217",9,"P+",2001-05-23,"MR1","C3","Yockney","RECAP","2939","2949","Rat","",NA,NA,"","","","","hol","hol MR1","May",2001,2
"9226",9,"P+",2001-05-23,"MR1","E2","Choquenot","OLD","1530","1410","Rat","",NA,NA,"","","y","DOA","hol","hol MR1","May",2001,2
"9274",9,"P+",2001-05-23,"MR2","I2","Choquenot","NEW","1492","1595","Rat","F",50,120,"","Juv","","","hol","hol MR2","May",2001,2
"9275",9,"P+",2001-05-23,"MR2","I3","Choquenot","NEW","1495","1580","Rat","M",53,130,"","Juv","","","hol","hol MR2","May",2001,2
"9323",9,"P+",2001-05-23,"R2","F8","Choquenot","RECAP","1523","2915","Rat","",NA,NA,"","","","","hol","hol R2","May",2001,2
"9341",9,"P+",2001-05-29,"M1","C9","Young","DEAD","","","Rat","",NA,NA,"","","","","hol","hol M1","May",2001,3
"9367",9,"P+",2001-05-29,"M1","I8","Choquenot","DEAD","","","Rat","",NA,NA,"","","","","hol","hol M1","May",2001,3
"9372",9,"P+",2001-05-29,"M2","C4","Young","DEAD","","","Rat","",NA,NA,"","","","","hol","hol M2","May",2001,3
"9425",9,"P+",2001-05-29,"MR2","H7","Choquenot","OLD","1384","2938","Rat","M",55,138,"","Adult","","2938 is a new tag","hol","hol MR2","May",2001,3
"9427",9,"P+",2001-05-29,"MR2","I2","Choquenot","RECAP","1492","1595","Rat","F",NA,120,"","Juv","","","hol","hol MR2","May",2001,3
"9430",9,"P+",2001-05-29,"R1","A5","Young","NEW","1501","1594","Rat","M",60,120,"","Juv","","","hol","hol R1","May",2001,3
"9515",9,"P+",2001-05-30,"M2","G1","Choquenot","DEAD","","","Rat","",NA,NA,"","","y","DOA","hol","hol M2","May",2001,4
"9527",9,"P+",2001-05-30,"MR1","F9","Choquenot","NEW","1464","1600","Rat","F",16.5,90,"","Juv","","","hol","hol MR1","May",2001,4
"9529",9,"P+",2001-05-30,"MR1","G9","Choquenot","NEW","1472","1586","Rat","F",20.5,90,"","Juv","","","hol","hol MR1","May",2001,4
"9542",9,"P+",2001-05-30,"MR2","F6","Choquenot","RECAP","1384","2938","Rat","",NA,NA,"","","","","hol","hol MR2","May",2001,4
"9549",9,"P+",2001-05-30,"MR2","I5","Choquenot","RECAP","1495","1580","Rat","M",52,130,"","Juv","","","hol","hol MR2","May",2001,4
"9550",9,"P+",2001-05-30,"MR2","I6","Choquenot","OLD","1380","1391","Rat","M",57,135,"","Adult","","","hol","hol MR2","May",2001,4
"9551",9,"P+",2001-05-30,"R1","B6","Young","NEW","1505","1510","Rat","M",45,100,"","Juv","","","hol","hol R1","May",2001,4
"9552",9,"P+",2001-05-30,"R1","B7","Young","NEW","","","Rat","",NA,NA,"","","","escaped untagged","hol","hol R1","May",2001,4
"9570",9,"P+",2001-05-30,"R1","I2","Choquenot","OLD","1363","1375","Rat","F",47,130,"","Juv","","","hol","hol R1","May",2001,4
"9578",9,"P+",2001-05-30,"R2","E9","Young","NEW","1538","1547","Rat","F",165,NA,"","","","","hol","hol R2","May",2001,4
"9602",9,"P+",2001-05-31,"M1","I1","Choquenot","DEAD","","","Rat","",NA,NA,"","","","","hol","hol M1","May",2001,5
"9617",9,"P+",2001-05-31,"MR1","E4","Young","OLD","1015","1210","Rat","",NA,NA,"","","","","hol","hol MR1","May",2001,5
"9620",9,"P+",2001-05-31,"MR1","E9","Young","RECAP","1464","1600","Rat","",NA,NA,"","","","","hol","hol MR1","May",2001,5
"9622",9,"P+",2001-05-31,"MR1","F4","Choquenot","NEW","1253","1588","Rat","M",30,105,"","Juv","","","hol","hol MR1","May",2001,5
"9624",9,"P+",2001-05-31,"MR1","G9","Choquenot","OLD","1281","1367","Rat","M",46,120,"","Adult","","","hol","hol MR1","May",2001,5
"9625",9,"P+",2001-05-31,"MR1","H3","Choquenot","OLD","1486","2927","Rat","M",70,140,"","Adult","","Both new tags","hol","hol MR1","May",2001,5
"9626",9,"P+",2001-05-31,"MR1","H7","Choquenot","OLD","1334","1477","Rat","F",55,130,"","Juv","","1477 new tag","hol","hol MR1","May",2001,5
"9650",9,"P+",2001-05-31,"MR2","H4","Choquenot","NEW","2946","2974","Rat","F",56,125,"","Juv","","","hol","hol MR2","May",2001,5
"9653",9,"P+",2001-05-31,"MR2","I3","Choquenot","RECAP","1492","1595","Rat","F",NA,NA,"","","","","hol","hol MR2","May",2001,5
"9654",9,"P+",2001-05-31,"MR2","I7","Choquenot","RECAP","1384","2938","Rat","",NA,NA,"","","","","hol","hol MR2","May",2001,5
"9656",9,"P+",2001-05-31,"R1","A3","Young","NEW","","","Rat","",NA,NA,"","","y","DOA","hol","hol R1","May",2001,5
"9657",9,"P+",2001-05-31,"R1","A4","Young","RECAP","1501","1594","Rat","M",NA,NA,"","","","","hol","hol R1","May",2001,5
"9660",9,"P+",2001-05-31,"R1","D6","Young","OLD","","","Rat","",NA,NA,"","","y","Stoat in trap had eaten rat.  No tags.","hol","hol R1","May",2001,5
"9885",10,"P+",2001-08-17,"MR1","I4","Drew","NEW","","","Rat","",NA,NA,"","","","Tail only left","hol","hol MR1","Aug",2001,1
"9918",10,"P+",2001-08-17,"R1","A4","","OLD","1501","1594","Rat","M",50,130,"","Juv","","","hol","hol R1","Aug",2001,1
"9923",10,"P+",2001-08-17,"R1","D5","","OLD","","","Rat","F",NA,NA,"","Adult","y","DOA - both tags lost","hol","hol R1","Aug",2001,1
"10054",10,"P+",2001-08-19,"R1","A4","Ruscoe","RECAP","1501","1594","Rat","M",NA,NA,"","Juv","","","hol","hol R1","Aug",2001,3
"10063",10,"P+",2001-08-19,"R1","E4","Drew","OLD","1240","1536","Rat","M",50,135,"","Adult","","","hol","hol R1","Aug",2001,3
"10078",10,"P+",2001-08-20,"M1","A4","Ruscoe","DEAD","","","Rat","",NA,NA,"","","","","hol","hol M1","Aug",2001,4
"10110",10,"P+",2001-08-20,"MR1","I7","Drew","NEW","1381","1417","Rat","M",120,NA,"","Adult","","","hol","hol MR1","Aug",2001,4
"10117",10,"P+",2001-08-20,"R1","A4","Ruscoe","RECAP","1501","1594","Rat","M",NA,NA,"","Juv","","","hol","hol R1","Aug",2001,4
"10122",10,"P+",2001-08-20,"R1","B3","Ruscoe","RECAP","1240","1536","Rat","M",60,130,"","Adult","","","hol","hol R1","Aug",2001,4
"10163",10,"P+",2001-08-21,"M2","G2","","DEAD","","","Rat","",NA,NA,"","","","","hol","hol M2","Aug",2001,5
"10179",10,"P+",2001-08-21,"MR1","G8","Drew","OLD","1249","1294","Rat","F",50,125,"","Adult","","","hol","hol MR1","Aug",2001,5
"10196",10,"P+",2001-08-21,"R1","A5","Ruscoe","RECAP","1501","1594","Rat","M",NA,NA,"","","","","hol","hol R1","Aug",2001,5
"10199",10,"P+",2001-08-21,"R1","G9","Drew","OLD","1420","1506","Rat","M",50,125,"","Adult","","","hol","hol R1","Aug",2001,5
"10484",11,"P+",2001-11-07,"MR1","G9","Choquenot","OLD","","","Rat","F",NA,NA,"","Adult","y","""""""Kiore half eaten (no tags) Stoat Caught""""""","hol","hol MR1","Nov",2001,2
"10486",11,"P+",2001-11-07,"MR1","H9","Choquenot","OLD","1005","1294","Rat","F",40,130,"","Adult","","","hol","hol MR1","Nov",2001,2
"10691",11,"P+",2001-11-09,"MR1","H9","Choquenot","RECAP","1005","1294","Rat","F",NA,NA,"","","","","hol","hol MR1","Nov",2001,4
"10972",12,"P+",2002-05-12,"M1","E4","Yockney","DEAD","0","0","Rat","",NA,NA,"","","","","hol","hol M1","May",2002,1
"10979",12,"P+",2002-05-12,"M2","E5","Yockney","DEAD","0","0","Rat","",NA,NA,"","","","","hol","hol M2","May",2002,1
"11123",12,"P+",2002-05-14,"M1","E6","Yockney","DEAD","0","0","Rat","",NA,NA,"","","","","hol","hol M1","May",2002,3
"11171",12,"P+",2002-05-14,"MR2","H8","Yockney","NEW","1114","1194","Rat","M",110,150,"","Juv","","","hol","hol MR2","May",2002,3
"11212",12,"P+",2002-05-14,"R2","H4","Yockney","NEW","1018","1102","Rat","M",85,140,"","Juv","","","hol","hol R2","May",2002,3
"11349",13,"P+",2002-11-10,"MR1","E2","Choquenot","NEW","1001","1025","Rat","F",72,130,"","Adult","","","hol","hol MR1","Nov",2002,1
"11522",14,"P+",2003-03-10,"M2","B1","Yockney","NEW","1366","1404","Rat","F",68,120,"","Juv","","Tail = 160","hol","hol M2","Feb",2003,2
"11533",14,"P+",2003-03-10,"MR1","E1","Ruscoe","NEW","1399","1508","Rat","F",34,110,"","Juv","","Tail = 100","hol","hol MR1","Feb",2003,2
"11538",14,"P+",2003-03-10,"MR1","G9","Ruscoe","NEW","1470","1546","Rat","M",130,150,"","Adult","","tail = 160.  All white belly","hol","hol MR1","Feb",2003,2
"11558",14,"P+",2003-03-11,"M2","I1","Heyward","NEW","1226","1231","Rat","F",54,125,"","Juv","","Tail = 150mm","hol","hol M2","Feb",2003,3
"11607",14,"P+",2003-03-12,"R2","E9","Ruscoe","NEW","1499","1513","Rat","M",34.5,105,"","Juv","","slate gray belly","hol","hol R2","Feb",2003,4
"11612",14,"P+",2003-03-12,"R2","H3","Heyward","NEW","1022","1073","Rat","M",60,125,"","Adult","","Tail = 165mm","hol","hol R2","Feb",2003,4
"11705",15,"P+",2003-05-11,"M2","F1","Heyward","NEW","1452","1529","Rat","F",82,130,"","Juv","","","hol","hol M2","May",2003,1
"11711",15,"P+",2003-05-11,"MR1","B2","Drew","NEW","n/a","1333","Rat","F",60,130,"Aut","Juv","","Tail = 160mmm","hol","hol MR1","May",2003,1
"11747",15,"P+",2003-05-12,"M2","H2","Drew","NEW","0","0","Rat","M",75,140,"","Adult","y","DOA","hol","hol M2","May",2003,2
"11775",15,"P+",2003-05-12,"MR2","G7","Drew","NEW","1412","1533","Rat","F",68,125,"","Juv","","","hol","hol MR2","May",2003,2
"11781",15,"P+",2003-05-12,"R2","A2","Drew","NEW","1534","1599","Rat","F",67,130,"","Juv","","tail = 150mm","hol","hol R2","May",2003,2
"11808",15,"P+",2003-05-13,"MR1","I1","Ruscoe","NEW","1597","4828","Rat","F",51,125,"","Juv","","","hol","hol MR1","May",2003,3
"11892",15,"P+",2003-05-14,"R2","A4","Drew","NEW","1388","1593","Rat","M",60,120,"","Juv","","Tail = 160mm","hol","hol R2","May",2003,4
"11903",15,"P+",2003-05-15,"M2","I7","Heyward","NEW","1516","1520","Rat","M",96,150,"","Adult","","","hol","hol M2","May",2003,5
"12160",16,"P+",2003-08-10,"M2","E6","Yockney","NEW","1531","0","Rat","",NA,NA,"","","","","hol","hol M2","Aug",2003,1
"12167",16,"P+",2003-08-10,"MR1","B6","Ruscoe","NEW","0","0","Rat","",NA,NA,"","","y","DOA - and Stoat in trap","hol","hol MR1","Aug",2003,1
"12173",16,"P+",2003-08-10,"MR1","H2","Heyward","NEW","4010","4021","Rat","F",40,120,"","Adult","","","hol","hol MR1","Aug",2003,1
"12188",16,"P+",2003-08-10,"R2","D5","Yockney","NEW","1515","2933","Rat","F",108,165,"","Adult","","","hol","hol R2","Aug",2003,1
"12290",16,"P+",2003-08-12,"MR1","H2","Ruscoe","NEW","1121","1213","Rat","M",47,130,"","Adult","","Tail 130mm","hol","hol MR1","Aug",2003,3
"12294",16,"P+",2003-08-12,"MR2","B7","Ruscoe","NEW","1023","1137","Rat","M",78,140,"","Juv","","Tail 160mm???   Looks like it had one ear tag previously??   Kiore coloured stomach","hol","hol MR2","Aug",2003,3
"12338",16,"P+",2003-08-13,"MR1","F6","Coleman","NEW","1129","1147","Rat","F",80,NA,"","Adult","","Length recorded as 320??","hol","hol MR1","Aug",2003,4
"12382",16,"P+",2003-08-14,"MR1","H2","Coleman","NEW","1116","1127","Rat","M",150,NA,"","Adult","","Length = 360?","hol","hol MR1","Aug",2003,5
"12383",16,"P+",2003-08-14,"MR1","H3","Heyward","RECAP","4010","4021","Rat","",NA,NA,"","","","","hol","hol MR1","Aug",2003,5
"12634",17,"P+",2003-11-14,"M2","D8","Drew","NEW","0","0","Rat","",127,NA,"","","","Escaped!","hol","hol M2","Nov",2003,1
"12641",17,"P+",2003-11-14,"MR1","D1","Drew","NEW","2912","3997","Rat","F",22,90,"","Juv","","Tail 95  Right Tag changed from 4181 to 3997 (14/11/2003).","hol","hol MR1","Nov",2003,1
"12642",17,"P+",2003-11-14,"MR1","E6","Drew","NEW","4023","4975","Rat","M",88,145,"","Adult","","Tail 192  (seems long?)","hol","hol MR1","Nov",2003,1
"12644",17,"P+",2003-11-14,"MR1","F8","Yockney","NEW","1583","4193","Rat","F",30,108,"","Juv","","108 tail","hol","hol MR1","Nov",2003,1
"12645",17,"P+",2003-11-14,"MR1","H3","Yockney","NEW","1466","4182","Rat","F",35,108,"","Juv","","103 tail","hol","hol MR1","Nov",2003,1
"12690",17,"P+",2003-11-15,"M2","A4","Drew","NEW","9999","9999","Rat","?",NA,NA,"","Juv","y","DOA","hol","hol M2","Nov",2003,2
"12757",17,"P+",2003-11-16,"MR1","A8","Drew","NEW","3937","3946","Rat","M",122,170,"","Juv","","Tail 150mm","hol","hol MR1","Nov",2003,3
"12760",17,"P+",2003-11-16,"MR1","C1","Drew","RECAP","2912","3997","Rat","",NA,NA,"","","","Right Tag changed from 4181 to 3997 (16/11/2003).","hol","hol MR1","Nov",2003,3
"12773",17,"P+",2003-11-16,"MR1","F7","Yockney","RECAP","1583","4193","Rat","",NA,NA,"","","","","hol","hol MR1","Nov",2003,3
"12774",17,"P+",2003-11-16,"MR1","F8","Yockney","NEW","1446","1503","Rat","F",160,180,"","Juv","","Tail = 190","hol","hol MR1","Nov",2003,3
"12777",17,"P+",2003-11-16,"MR1","G9","Yockney","NEW","4188","4192","Rat","F",116,150,"","Juv","","Tail = 200mm","hol","hol MR1","Nov",2003,3
"12778",17,"P+",2003-11-16,"MR1","H3","Yockney","RECAP","1466","4182","Rat","",NA,NA,"","","","","hol","hol MR1","Nov",2003,3
"12864",17,"P+",2003-11-17,"MR1","D1","Yockney","RECAP","2912","3997","Rat","",NA,NA,"","","","New right tag","hol","hol MR1","Nov",2003,4
"12876",17,"P+",2003-11-17,"MR1","G3","Yockney","NEW","1489","4195","Rat","F",45,100,"","Juv","","Tail 120mm","hol","hol MR1","Nov",2003,4
"12879",17,"P+",2003-11-17,"MR1","H3","Yockney","RECAP","1466","4182","Rat","",NA,NA,"","","y","DOA","hol","hol MR1","Nov",2003,4
"13333",18,"P+",2004-03-04,"M2","E9","Yockney","NEW","1579","4184","Rat","M",30,90,"","Juv","","Tail 110mm","hol","hol M2","Feb",2004,1
"13336",18,"P+",2004-03-04,"M2","F9","Yockney","NEW","1468","4200","Rat","M",30,100,"","Juv","","Tail 110mm","hol","hol M2","Feb",2004,1
"13350",18,"P+",2004-03-04,"MR1","D9","Yockney","NEW","4189","4273","Rat","M",32,100,"","Juv","","Tail 105mm  (Kiore?)  Right Tag changed from 4199 to 4273 (4/03/2004).","hol","hol MR1","Feb",2004,1
"13352",18,"P+",2004-03-04,"MR1","G9","Yockney","NEW","4180","4191","Rat","M",31,102,"","Juv","","Tail 101mm  (Kiore?)","hol","hol MR1","Feb",2004,1
"13353",18,"P+",2004-03-04,"MR1","H3","Heyward","NEW","4016","4173","Rat","F",24,100,"","Adult","","Tail 100mm","hol","hol MR1","Feb",2004,1
"13354",18,"P+",2004-03-04,"MR1","H5","Heyward","NEW","4161","4164","Rat","M",45,125,"","Juv","","Tail 115mm","hol","hol MR1","Feb",2004,1
"13356",18,"P+",2004-03-04,"MR1","I3","Heyward","NEW","0","0","Rat","",160,NA,"","","","Escaped","hol","hol MR1","Feb",2004,1
"13383",18,"P+",2004-03-05,"M2","A5","Drew","NEW","4077","4101","Rat","F",151,160,"","Juv","","Tail = 210mm","hol","hol M2","Feb",2004,2
"13392",18,"P+",2004-03-05,"M2","E8","Yockney","NEW","1522","4197","Rat","M",50,103,"","Juv","","Tail = 120mm","hol","hol M2","Feb",2004,2
"13395",18,"P+",2004-03-05,"M2","G9","Heyward","RECAP","1468","4200","Rat","M",32,NA,"","Juv","","","hol","hol M2","Feb",2004,2
"13407",18,"P+",2004-03-05,"MR1","E2","Yockney","OLD","1447","4179","Rat","F",40,120,"","Juv","","Tail = 120mm","hol","hol MR1","Feb",2004,2
"13408",18,"P+",2004-03-05,"MR1","E4","Yockney","NEW","1419","1527","Rat","M",45,130,"","Adult","","Tail =125","hol","hol MR1","Feb",2004,2
"13409",18,"P+",2004-03-05,"MR1","F4","Yockney","NEW","4187","4196","Rat","M",40,105,"","Juv","","Tail = 105mm","hol","hol MR1","Feb",2004,2
"13410",18,"P+",2004-03-05,"MR1","H3","Heyward","NEW","4816","4817","Rat","M",45,125,"","Juv","","Tail = 115.","hol","hol MR1","Feb",2004,2
"13413",18,"P+",2004-03-05,"MR1","I8","Heyward","NEW","4814","4815","Rat","F",50,130,"","Adult","","Tail = 120mm","hol","hol MR1","Feb",2004,2
"13432",18,"P+",2004-03-06,"M2","D8","Drew","NEW","4107","4109","Rat","M",33,105,"","Juv","","Tail 120mm","hol","hol M2","Feb",2004,3
"13445",18,"P+",2004-03-06,"MR1","A1","Drew","NEW","4120","4122","Rat","M",134,165,"","Adult","","Tail 184mm","hol","hol MR1","Feb",2004,3
"13448",18,"P+",2004-03-06,"MR1","C9","Yockney","RECAP","4189","4273","Rat","",NA,NA,"","","","Right Tag changed from 4199 to 4273 (6/03/2004).","hol","hol MR1","Feb",2004,3
"13449",18,"P+",2004-03-06,"MR1","D8","Yockney","RECAP","4816","4817","Rat","",NA,NA,"","","","","hol","hol MR1","Feb",2004,3
"13453",18,"P+",2004-03-06,"MR1","F9","Yockney","RECAP","4180","4191","Rat","M",NA,NA,"","","","","hol","hol MR1","Feb",2004,3
"13454",18,"P+",2004-03-06,"MR1","H4","Heyward","RECAP","4016","4173","Rat","",NA,NA,"","","","","hol","hol MR1","Feb",2004,3
"13455",18,"P+",2004-03-06,"MR1","H5","Heyward","OLD","1597","4828","Rat","F",150,170,"","Adult","","","hol","hol MR1","Feb",2004,3
"13487",18,"P+",2004-03-07,"MR1","C7","Drew","NEW","4104","4123","Rat","M",34,110,"","Juv","","Tail = 110mm","hol","hol MR1","Feb",2004,4
"13489",18,"P+",2004-03-07,"MR1","D6","Drew","NEW","4110","4113","Rat","F",130,155,"","Juv","","Tail 205","hol","hol MR1","Feb",2004,4
"13492",18,"P+",2004-03-07,"MR1","E5","Yockney","NEW","1589","4194","Rat","F",35,95,"","Juv","","Tail 100mm  Kiore???","hol","hol MR1","Feb",2004,4
"13493",18,"P+",2004-03-07,"MR1","E6","Yockney","RECAP","4816","4817","Rat","",NA,NA,"","","","","hol","hol MR1","Feb",2004,4
"13494",18,"P+",2004-03-07,"MR1","E9","Yockney","RECAP","4180","4191","Rat","M",NA,NA,"","","","","hol","hol MR1","Feb",2004,4
"13495",18,"P+",2004-03-07,"MR1","F1","Yockney","NEW","4176","4190","Rat","F",38,105,"","Juv","","Tail 110mm","hol","hol MR1","Feb",2004,4
"13496",18,"P+",2004-03-07,"MR1","F4","Yockney","RECAP","4187","4196","Rat","",NA,NA,"","","","","hol","hol MR1","Feb",2004,4
"13499",18,"P+",2004-03-07,"MR1","G1","Heyward","RECAP","1447","4179","Rat","",NA,NA,"","","","","hol","hol MR1","Feb",2004,4
"13500",18,"P+",2004-03-07,"MR1","G9","Heyward","RECAP","4189","4273","Rat","",NA,NA,"","","","Right Tag changed from 4199 to 4273 (7/03/2004).","hol","hol MR1","Feb",2004,4
"13501",18,"P+",2004-03-07,"MR1","H4","Heyward","RECAP","4016","4173","Rat","",NA,NA,"","","","","hol","hol MR1","Feb",2004,4
"13502",18,"P+",2004-03-07,"MR1","H6","Heyward","RECAP","4161","4164","Rat","",NA,NA,"","","","","hol","hol MR1","Feb",2004,4
"13503",18,"P+",2004-03-07,"MR1","H7","Heyward","NEW","4833","4834","Rat","M",60,145,"","Adult","","Tail = 125mm","hol","hol MR1","Feb",2004,4
"13504",18,"P+",2004-03-07,"MR1","I1","Heyward","NEW","4826","4827","Rat","M",51,138,"","Juv","","Tail = 138","hol","hol MR1","Feb",2004,4
"13506",18,"P+",2004-03-07,"MR1","I9","Heyward","NEW","4830","4832","Rat","F",68,140,"","Adult","","Tail = 140","hol","hol MR1","Feb",2004,4
"13530",18,"P+",2004-03-08,"M2","D9","Yockney","RECAP","4107","4109","Rat","",NA,NA,"","","","","hol","hol M2","Feb",2004,5
"13535",18,"P+",2004-03-08,"M2","F6","Yockney","RECAP","1579","4184","Rat","",NA,NA,"","","","","hol","hol M2","Feb",2004,5
"13548",18,"P+",2004-03-08,"MR1","G4","Heyward","RECAP","4016","4173","Rat","",NA,NA,"","","","","hol","hol MR1","Feb",2004,5
"13549",18,"P+",2004-03-08,"MR1","G5","Heyward","NEW","4846","4847","Rat","",NA,105,"","","","Tail 105mm","hol","hol MR1","Feb",2004,5
"13551",18,"P+",2004-03-08,"MR1","G9","Heyward","RECAP","4189","4273","Rat","",NA,NA,"","","","Right Tag changed from 4199 to 4273 (8/03/2004).","hol","hol MR1","Feb",2004,5
"13555",18,"P+",2004-03-08,"MR1","I8","Heyward","RECAP","4816","4817","Rat","",NA,NA,"","","","","hol","hol MR1","Feb",2004,5
"13562",18,"P+",2004-03-08,"MR2","I5","Heyward","NEW","4844","4845","Rat","M",63,140,"","Adult","","Tail 150","hol","hol MR2","Feb",2004,5
"13564",18,"P+",2004-03-08,"R2","B3","Drew","OLD","1534","1599","Rat","F",150,160,"","Adult","","Tail 210mm","hol","hol R2","Feb",2004,5
"13753",19,"P+",2004-05-22,"M2","E3","Yockney","NEW","4231","427","Rat","M",58,135,"","Juv","","","hol","hol M2","May",2004,1
"13760",19,"P+",2004-05-22,"MR1","E3","Yockney","NEW","4261","0","Rat","",NA,155,"","","","","hol","hol MR1","May",2004,1
"13762",19,"P+",2004-05-22,"MR1","H1","Heyward","OLD","0","0","Rat","F",50,130,"","Adult","y","""""""DOA Tail 120mm""""""","hol","hol MR1","May",2004,1
"13763",19,"P+",2004-05-22,"MR1","I8","Heyward","NEW","4206","4213","Rat","M",39,120,"","Juv","","","hol","hol MR1","May",2004,1
"13793",19,"P+",2004-05-23,"MR1","D1","Yockney","OLD","4269","4275","Rat","F",50,122,"","Juv","","Tail 125mm","hol","hol MR1","May",2004,2
"13794",19,"P+",2004-05-23,"MR1","I5","Heyward","NEW","4220","4705","Rat","M",64,130,"","Juv","","Right Tag changed from 4852 to 4705 (23/05/2004).","hol","hol MR1","May",2004,2
"13795",19,"P+",2004-05-23,"MR1","I8","Heyward","RECAP","4206","4213","Rat","",NA,NA,"","","","","hol","hol MR1","May",2004,2
"13820",19,"P+",2004-05-24,"MR1","A9","Ruscoe","NEW","4139","4230","Rat","M",100,150,"","Adult","","Tail =180mm","hol","hol MR1","May",2004,3
"13822",19,"P+",2004-05-24,"MR1","E6","Heyward","OLD","4225","1471","Rat","M",45,120,"","Juv","","Tail = 120mm  Right Tag changed from 4857 to 1471 (24/05/2004).","hol","hol MR1","May",2004,3
"13823",19,"P+",2004-05-24,"MR1","G2","Heyward","NEW","0","0","Rat","",NA,NA,"","","y","Eaten by stoat - no tags found","hol","hol MR1","May",2004,3
"13826",19,"P+",2004-05-24,"MR2","B9","Ruscoe","NEW","4137","4232","Rat","M",NA,165,"","Adult","","Tail - 175mm","hol","hol MR2","May",2004,3
"13869",19,"P+",2004-05-25,"MR1","E8","Heyward","OLD","4816","4817","Rat","M",50,130,"","Juv","","Tail = 110mm","hol","hol MR1","May",2004,4
"13870",19,"P+",2004-05-25,"MR1","F5","Heyward","RECAP","4225","1471","Rat","",NA,NA,"","","","Right Tag changed from 4857 to 1471 (25/05/2004).","hol","hol MR1","May",2004,4
"13871",19,"P+",2004-05-25,"MR1","I5","Heyward","RECAP","4220","4705","Rat","",NA,NA,"","","","Right Tag changed from 4852 to 4705 (25/05/2004).","hol","hol MR1","May",2004,4
"13885",19,"P+",2004-05-25,"R2","G8","Heyward","NEW","4205","4214","Rat","M",30.5,105,"","Juv","","Tail = 110mm","hol","hol R2","May",2004,4
"13895",19,"P+",2004-05-26,"MR1","A9","Ruscoe","RECAP","4139","4230","Rat","",NA,NA,"","","","","hol","hol MR1","May",2004,5
"13896",19,"P+",2004-05-26,"MR1","E1","Ruscoe","RECAP","4269","4275","Rat","",NA,NA,"","","","","hol","hol MR1","May",2004,5
"13897",19,"P+",2004-05-26,"MR1","E6","Heyward","RECAP","4225","1471","Rat","",NA,NA,"","","","Right Tag changed from 4857 to 1471 (26/05/2004).","hol","hol MR1","May",2004,5
"13898",19,"P+",2004-05-26,"MR1","E8","Heyward","RECAP","4816","4817","Rat","",NA,NA,"","","","","hol","hol MR1","May",2004,5
"13900",19,"P+",2004-05-26,"MR1","H4","Heyward","RECAP","4220","4705","Rat","",NA,NA,"","","","Right Tag changed from 4852 to 4705 (26/05/2004).","hol","hol MR1","May",2004,5
"13904",19,"P+",2004-05-26,"R2","H9","Heyward","NEW","4874","4875","Rat","F",33,105,"","Juv","","Tail = 115mm","hol","hol R2","May",2004,5
"13994",20,"P+",2004-08-15,"MR1","E2","Heyward","RECAP","4721","0","Rat","F",54,125,"","Juv","","Nowhere on other ear to tag!","hol","hol MR1","Aug",2004,1
"13999",20,"P+",2004-08-15,"MR1","I5","Heyward","OLD","4220","4705","Rat","M",102,150,"","Adult","","","hol","hol MR1","Aug",2004,1
"14004",20,"P+",2004-08-15,"R2","C8","Ruscoe","NEW","4241","0","Rat","F",96,160,"","Adult","","180 Tail","hol","hol R2","Aug",2004,1
"14015",20,"P+",2004-08-16,"MR1","C3","Ruscoe","OLD","4225","1471","Rat","M",50,152,"","Juv","","120 Tail - 3rd tag in L ear - 6mon+","hol","hol MR1","Aug",2004,2
"14022",20,"P+",2004-08-16,"MR1","F9","Heyward","OLD","4274","4280","Rat","M",53,140,"","Adult","","135 tail","hol","hol MR1","Aug",2004,2
"14062",20,"P+",2004-08-17,"MR1","C7","Ruscoe","RECAP","4225","1471","Rat","M",NA,NA,"","Juv","","","hol","hol MR1","Aug",2004,3
"14063",20,"P+",2004-08-17,"MR1","C9","Ruscoe","OLD","4189","4273","Rat","M",54,135,"","Adult","","tail 135","hol","hol MR1","Aug",2004,3
"14066",20,"P+",2004-08-17,"MR1","E7","Ruscoe","OLD","4816","4817","Rat","M",59,135,"","Juv","","125 tail","hol","hol MR1","Aug",2004,3
"14067",20,"P+",2004-08-17,"MR1","E9","Ruscoe","OLD","4180","4191","Rat","M",46,130,"","Adult","","tail 130","hol","hol MR1","Aug",2004,3
"14071",20,"P+",2004-08-17,"MR1","F9","Heyward","RECAP","4274","4280","Rat","",NA,NA,"","","","","hol","hol MR1","Aug",2004,3
"14074",20,"P+",2004-08-17,"MR1","G9","Heyward","NEW","4257","4866","Rat","F",52,130,"","Adult","","Tail 125","hol","hol MR1","Aug",2004,3
"14079",20,"P+",2004-08-17,"MR1","I5","Heyward","RECAP","4220","4705","Rat","",NA,NA,"","","","","hol","hol MR1","Aug",2004,3
"14080",20,"P+",2004-08-17,"MR1","I7","Heyward","NEW","4865","4867","Rat","M",100,160,"","Adult","","","hol","hol MR1","Aug",2004,3
"14094",20,"P+",2004-08-17,"R2","E4","Heyward","OLD","1022","1073","Rat","F",108,165,"","Adult","y","Dead in possum trap","hol","hol R2","Aug",2004,3
"14107",20,"P+",2004-08-18,"MR1","A1","Ruscoe","RECAP","4180","4191","Rat","M",47,130,"","Adult","","","hol","hol MR1","Aug",2004,4
"14108",20,"P+",2004-08-18,"MR1","B5","Ruscoe","OLD","1527","4242","Rat","M",56,135,"","Juv","","Tail 130","hol","hol MR1","Aug",2004,4
"14111",20,"P+",2004-08-18,"MR1","E1","Ruscoe","NEW","4258","4283","Rat","M",52,135,"","Adult","","Tail 125","hol","hol MR1","Aug",2004,4
"14112",20,"P+",2004-08-18,"MR1","E2","Ruscoe","NEW","4721","0","Rat","F",47,130,"","Adult","","Tail 120 - Lost 4 tags already. Therefore at least 9 months old.","hol","hol MR1","Aug",2004,4
"14113",20,"P+",2004-08-18,"MR1","E5","Heyward","RECAP","4225","1471","Rat","",NA,NA,"","","","","hol","hol MR1","Aug",2004,4
"14114",20,"P+",2004-08-18,"MR1","E9","Heyward","RECAP","4274","4280","Rat","",NA,NA,"","","y","DOA","hol","hol MR1","Aug",2004,4
"14115",20,"P+",2004-08-18,"MR1","F9","Heyward","RECAP","4816","4817","Rat","",NA,NA,"","","","","hol","hol MR1","Aug",2004,4
"14123",20,"P+",2004-08-18,"MR1","H9","Heyward","RECAP","4865","4867","Rat","",NA,NA,"","","","","hol","hol MR1","Aug",2004,4
